{"cameraMode":{"drawMode":0,"name":"Shaded","section":"Shading Mode"},"sceneLighting":true,"audioPlay":false,"sceneViewState":{"m_AlwaysRefresh":false,"showFog":true,"showSkybox":true,"showFlares":true,"showImageEffects":true,"showParticleSystems":true,"showVisualEffectGraphs":true,"m_FxEnabled":true},"in2DMode":false,"pivot":{"x":0.7653865814208984,"y":-1.0362541675567628,"z":-1.183377981185913},"rotation":{"x":0.14401553571224214,"y":0.8500608205795288,"z":-0.2997417449951172,"w":0.40842461585998537},"size":2.9153573513031008,"orthographic":false}